"id";"name";"url"
"5fad005c0c99a330152772cf";"alyx";"https://res.cloudinary.com/hubstairs/image/upload/v1620083393/production/7dea6f.png"
"5fad00880c99a330152772ff";"corinna";"https://res.cloudinary.com/hubstairs/image/upload/v1620083399/production/8f96eb2b.png"
"608aa25426d6b81bac4fd43a";"kitty";"https://res.cloudinary.com/hubstairs/image/upload/v1620106682/production/gbzyafkzanpet1zvguhu.png"
"608aa1cd26d6b81bac4fd387";"jocosa";"https://res.cloudinary.com/hubstairs/image/upload/v1620048090/production/qcnuipxkpglvgoukmkjo.png"
"5fb63fec0c99a3301528117e";"dona";"https://res.cloudinary.com/hubstairs/image/upload/v1620083472/production/a57e1834.png"
"60a39207e6696122dcf5714e";"Isolde (ACCESSORY 01)";"https://res.cloudinary.com/hubstairs/image/upload/v1621449750/production/u68jlda1k6otrf6ez4iz.png"
"608aa33926d6b81bac4fd52c";"lucy";"https://res.cloudinary.com/hubstairs/image/upload/v1620049915/production/bspxllmgjibr3nd5vn0k.png"
"608ff72926d6b81bac502dac";"lizette";"https://res.cloudinary.com/hubstairs/image/upload/v1620136181/production/xrubfuvtaznkngkjdyds.png"
"6082dfe198957b185a37c838";"Gayla";"https://res.cloudinary.com/hubstairs/image/upload/v1619539669/production/q6z9qezeolsbsegurruf.png"
"608ff73f26d6b81bac502e09";"loreto";"https://res.cloudinary.com/hubstairs/image/upload/v1620133076/production/lcnp4ewk3y0xgsjynu59.png"
"608ff78226d6b81bac502f27";"liliana";"https://res.cloudinary.com/hubstairs/image/upload/v1620150984/production/i1ta36n9zrzv5dwmmro7.png"
"6082dfba98957b185a37c81d";"Divina";"https://res.cloudinary.com/hubstairs/image/upload/v1619539572/production/ftnrqtjafljbdjysip6n.png"
"608aa41a26d6b81bac4fd5c9";"yseult";"https://res.cloudinary.com/hubstairs/image/upload/v1620119074/production/ee1vshjmanhfinlfyuiv.png"
"60917a2226d6b81bac50db00";"Alexis ";"https://res.cloudinary.com/hubstairs/image/upload/v1620316576/production/ik4o8otzt3nviko4zgy7.png"
"5fb63fd20c99a3301528115e";"debbie";"https://res.cloudinary.com/hubstairs/image/upload/v1620083468/production/a6d037f1.png"
"5fad00130c99a33015277281";"Avice";"https://res.cloudinary.com/hubstairs/image/upload/v1620083380/production/a8ac809a.png"
"608aa37e26d6b81bac4fd55d";"lynda";"https://res.cloudinary.com/hubstairs/image/upload/v1620068348/production/yk8kkjniqd9dcczbsobu.png"
"60a39203e6696122dcf57108";"Corrie";"https://res.cloudinary.com/hubstairs/image/upload/v1621336355/production/vcmziruidtraozwduwyx.png"
"608ff70126d6b81bac502c83";"margery";"https://res.cloudinary.com/hubstairs/image/upload/v1620135646/production/ktaiwllq5ddlrvmbgjwu.png"
"608ae6b326d6b81bac4feec5";"TAPINDUS5";"https://res.cloudinary.com/hubstairs/image/upload/v1619718174/production/l8yhnwv0vj7x3f9hwyjj.png"
"6082dfd098957b185a37c82c";"Berniece";"https://res.cloudinary.com/hubstairs/image/upload/v1619538973/production/disy5gzgsi9lpb2zm9fv.png"
"608aa25026d6b81bac4fd427";"kestrel";"https://res.cloudinary.com/hubstairs/image/upload/v1620106547/production/ol2wihtxqnxadwsvlbzq.png"
"609957a626d6b81bac53707d";"Blondie";"https://res.cloudinary.com/hubstairs/image/upload/v1620848133/production/rr5u1k26owrzct7zvgvn.png"
"6082dfea98957b185a37c83f";"Georgiana";"https://res.cloudinary.com/hubstairs/image/upload/v1619541375/production/o3cjn0qbz95zjnvxkj27.png"
"608aa26e26d6b81bac4fd44c";"laurie";"https://res.cloudinary.com/hubstairs/image/upload/v1620109195/production/crd9uet0wl3pwk7xctuq.png"
"608ff6d926d6b81bac502b85";"lina";"https://res.cloudinary.com/hubstairs/image/upload/v1620132281/production/o94i3sg5nvbwm604hlhc.png"
"608aa48e26d6b81bac4fd61a";"letha";"https://res.cloudinary.com/hubstairs/image/upload/v1620152374/production/muderhivtzjzaarsxc21.png"
"608aa38726d6b81bac4fd563";"lyndsea";"https://res.cloudinary.com/hubstairs/image/upload/v1620067625/production/vbyfhuaawg66axwz40ta.png"
"608ff67926d6b81bac5029e2";"lexy";"https://res.cloudinary.com/hubstairs/image/upload/v1620157310/production/j625scjynf3tqjqgi56h.png"
"608aa3e626d6b81bac4fd5a5";"malandra";"https://res.cloudinary.com/hubstairs/image/upload/v1620077649/production/lbeezdrgdqfvr7di69zz.png"
